team,date,buildUpPlaySpeed,buildUpPlayDribbling,buildUpPlayPassing
FC Aarau,2010-02-22 00:00:00,60,,50
FC Aarau,2014-09-19 00:00:00,52,48.0,56
FC Aarau,2015-09-10 00:00:00,47,41.0,54
Aberdeen,2010-02-22 00:00:00,70,,70
Aberdeen,2011-02-22 00:00:00,47,,52
Aberdeen,2012-02-22 00:00:00,58,,62
Aberdeen,2013-09-20 00:00:00,62,,45
Aberdeen,2014-09-19 00:00:00,58,64.0,62
Aberdeen,2015-09-10 00:00:00,59,64.0,53
AC Ajaccio,2010-02-22 00:00:00,60,,40
AC Ajaccio,2011-02-22 00:00:00,65,,45
AC Ajaccio,2012-02-22 00:00:00,59,,52
AC Ajaccio,2013-09-20 00:00:00,59,,52
AC Ajaccio,2014-09-19 00:00:00,59,57.0,52
AC Ajaccio,2015-09-10 00:00:00,59,57.0,52
Milan,2010-02-22 00:00:00,45,,30
Milan,2011-02-22 00:00:00,65,,50
Milan,2012-02-22 00:00:00,45,,50
Milan,2013-09-20 00:00:00,48,,54
Milan,2014-09-19 00:00:00,48,70.0,52
Milan,2015-09-10 00:00:00,48,70.0,52
Académica de Coimbra,2010-02-22 00:00:00,30,,30
Académica de Coimbra,2011-02-22 00:00:00,30,,50
Académica de Coimbra,2012-02-22 00:00:00,45,,44
Académica de Coimbra,2013-09-20 00:00:00,45,,44
Académica de Coimbra,2014-09-19 00:00:00,52,53.0,44
Académica de Coimbra,2015-09-10 00:00:00,53,53.0,44
ADO Den Haag,2010-02-22 00:00:00,30,,35
ADO Den Haag,2011-02-22 00:00:00,53,,53
ADO Den Haag,2012-02-22 00:00:00,38,,44
ADO Den Haag,2013-09-20 00:00:00,38,,47
ADO Den Haag,2014-09-19 00:00:00,58,47.0,55
ADO Den Haag,2015-09-10 00:00:00,56,40.0,66
Ajax,2010-02-22 00:00:00,30,,30
Ajax,2011-02-22 00:00:00,40,,38
Ajax,2012-02-22 00:00:00,31,,33
Ajax,2013-09-20 00:00:00,35,,33
Ajax,2014-09-19 00:00:00,40,40.0,30
Ajax,2015-09-10 00:00:00,35,43.0,39
UD Almería,2010-02-22 00:00:00,65,,45
UD Almería,2011-02-22 00:00:00,55,,53
UD Almería,2012-02-22 00:00:00,42,,70
UD Almería,2013-09-20 00:00:00,46,,65
UD Almería,2014-09-19 00:00:00,46,41.0,65
UD Almería,2015-09-10 00:00:00,46,41.0,65
RSC Anderlecht,2010-02-22 00:00:00,50,,35
RSC Anderlecht,2011-02-22 00:00:00,50,,52
RSC Anderlecht,2012-02-22 00:00:00,52,,41
RSC Anderlecht,2013-09-20 00:00:00,52,,41
RSC Anderlecht,2014-09-19 00:00:00,52,46.0,51
RSC Anderlecht,2015-09-10 00:00:00,52,46.0,51
Angers SCO,2010-02-22 00:00:00,45,,35
Angers SCO,2011-02-22 00:00:00,65,,50
Angers SCO,2012-02-22 00:00:00,50,,50
Angers SCO,2013-09-20 00:00:00,50,,50
Angers SCO,2014-09-19 00:00:00,48,61.0,50
Angers SCO,2015-09-10 00:00:00,48,61.0,50
Arka Gdynia,2010-02-22 00:00:00,30,,45
Arka Gdynia,2011-02-22 00:00:00,46,,37
AC Arles-Avignon,2010-02-22 00:00:00,50,,65
AC Arles-Avignon,2011-02-22 00:00:00,50,,65
AC Arles-Avignon,2012-02-22 00:00:00,23,,33
AC Arles-Avignon,2013-09-20 00:00:00,41,,48
AC Arles-Avignon,2014-09-19 00:00:00,39,48.0,54
AC Arles-Avignon,2015-09-10 00:00:00,56,46.0,54
DSC Arminia Bielefeld,2010-02-22 00:00:00,40,,65
DSC Arminia Bielefeld,2011-02-22 00:00:00,46,,58
DSC Arminia Bielefeld,2014-09-19 00:00:00,62,49.0,55
FC Arouca,2014-09-19 00:00:00,69,66.0,39
FC Arouca,2015-09-10 00:00:00,65,66.0,39
Arsenal,2010-02-22 00:00:00,66,,30
Arsenal,2011-02-22 00:00:00,75,,40
Arsenal,2012-02-22 00:00:00,25,,32
Arsenal,2013-09-20 00:00:00,30,,29
Arsenal,2014-09-19 00:00:00,59,51.0,26
Arsenal,2015-09-10 00:00:00,59,51.0,30
Aston Villa,2010-02-22 00:00:00,70,,59
Aston Villa,2011-02-22 00:00:00,65,,50
Aston Villa,2012-02-22 00:00:00,67,,58
Aston Villa,2013-09-20 00:00:00,63,,59
Aston Villa,2014-09-19 00:00:00,66,32.0,72
Aston Villa,2015-09-10 00:00:00,63,37.0,54
Atalanta,2010-02-22 00:00:00,35,,40
Atalanta,2011-02-22 00:00:00,65,,50
Atalanta,2012-02-22 00:00:00,40,,50
Atalanta,2013-09-20 00:00:00,64,,36
Atalanta,2014-09-19 00:00:00,64,45.0,37
Atalanta,2015-09-10 00:00:00,64,45.0,37
Athletic Club de Bilbao,2010-02-22 00:00:00,60,,45
Athletic Club de Bilbao,2011-02-22 00:00:00,70,,69
Athletic Club de Bilbao,2012-02-22 00:00:00,42,,59
Athletic Club de Bilbao,2013-09-20 00:00:00,46,,38
Athletic Club de Bilbao,2014-09-19 00:00:00,46,41.0,38
Athletic Club de Bilbao,2015-09-10 00:00:00,46,46.0,39
Atlético Madrid,2010-02-22 00:00:00,64,,30
Atlético Madrid,2011-02-22 00:00:00,57,,54
Atlético Madrid,2012-02-22 00:00:00,47,,51
Atlético Madrid,2013-09-20 00:00:00,47,,51
Atlético Madrid,2014-09-19 00:00:00,47,52.0,51
Atlético Madrid,2015-09-10 00:00:00,57,50.0,50
FC Augsburg,2010-02-22 00:00:00,45,,45
FC Augsburg,2011-02-22 00:00:00,68,,40
FC Augsburg,2012-02-22 00:00:00,55,,55
FC Augsburg,2013-09-20 00:00:00,40,,55
FC Augsburg,2014-09-19 00:00:00,62,38.0,69
FC Augsburg,2015-09-10 00:00:00,59,51.0,55
AJ Auxerre,2010-02-22 00:00:00,30,,70
AJ Auxerre,2011-02-22 00:00:00,35,,65
AJ Auxerre,2012-02-22 00:00:00,64,,49
AJ Auxerre,2013-09-20 00:00:00,64,,49
AJ Auxerre,2014-09-19 00:00:00,64,55.0,49
AJ Auxerre,2015-09-10 00:00:00,64,55.0,49
AZ,2010-02-22 00:00:00,55,,45
AZ,2011-02-22 00:00:00,45,,31
AZ,2012-02-22 00:00:00,46,,36
AZ,2013-09-20 00:00:00,62,,40
AZ,2014-09-19 00:00:00,52,38.0,46
AZ,2015-09-10 00:00:00,50,46.0,58
FC Barcelona,2010-02-22 00:00:00,42,,30
FC Barcelona,2011-02-22 00:00:00,43,,34
FC Barcelona,2012-02-22 00:00:00,24,,25
FC Barcelona,2013-09-20 00:00:00,35,,32
FC Barcelona,2014-09-19 00:00:00,35,35.0,32
FC Barcelona,2015-09-10 00:00:00,36,35.0,51
Bari,2010-02-22 00:00:00,30,,30
Bari,2011-02-22 00:00:00,65,,35
Bari,2012-02-22 00:00:00,50,,50
Bari,2013-09-20 00:00:00,55,,57
Bari,2014-09-19 00:00:00,55,40.0,57
Bari,2015-09-10 00:00:00,52,40.0,65
FC Basel,2010-02-22 00:00:00,40,,45
FC Basel,2011-02-22 00:00:00,46,,40
FC Basel,2012-02-22 00:00:00,61,,46
FC Basel,2013-09-20 00:00:00,61,,46
FC Basel,2014-09-19 00:00:00,61,63.0,46
FC Basel,2015-09-10 00:00:00,61,63.0,46
Bayer 04 Leverkusen,2010-02-22 00:00:00,70,,30
Bayer 04 Leverkusen,2011-02-22 00:00:00,67,,38
Bayer 04 Leverkusen,2012-02-22 00:00:00,58,,55
Bayer 04 Leverkusen,2013-09-20 00:00:00,64,,55
Bayer 04 Leverkusen,2014-09-19 00:00:00,69,30.0,55
Bayer 04 Leverkusen,2015-09-10 00:00:00,73,29.0,55
FC Bayern Munich,2010-02-22 00:00:00,65,,40
FC Bayern Munich,2011-02-22 00:00:00,42,,40
FC Bayern Munich,2012-02-22 00:00:00,47,,40
FC Bayern Munich,2013-09-20 00:00:00,56,,41
FC Bayern Munich,2014-09-19 00:00:00,37,34.0,22
FC Bayern Munich,2015-09-10 00:00:00,45,24.0,28
Beerschot AC,2010-02-22 00:00:00,35,,35
Beerschot AC,2011-02-22 00:00:00,47,,37
Beerschot AC,2012-02-22 00:00:00,55,,55
Beerschot AC,2013-09-20 00:00:00,47,,39
SC Beira Mar,2011-02-22 00:00:00,48,,46
SC Beira Mar,2012-02-22 00:00:00,39,,48
SC Beira Mar,2013-09-20 00:00:00,39,,48
CF Os Belenenses,2010-02-22 00:00:00,30,,30
CF Os Belenenses,2014-09-19 00:00:00,52,53.0,52
CF Os Belenenses,2015-09-10 00:00:00,51,53.0,52
AC Bellinzona,2010-02-22 00:00:00,40,,50
AC Bellinzona,2011-02-22 00:00:00,47,,54
SL Benfica,2010-02-22 00:00:00,30,,30
SL Benfica,2011-02-22 00:00:00,65,,35
SL Benfica,2012-02-22 00:00:00,55,,48
SL Benfica,2013-09-20 00:00:00,65,,54
SL Benfica,2014-09-19 00:00:00,70,55.0,53
SL Benfica,2015-09-10 00:00:00,69,55.0,53
Birmingham City,2010-02-22 00:00:00,70,,70
Birmingham City,2011-02-22 00:00:00,45,,60
Birmingham City,2012-02-22 00:00:00,51,,55
Birmingham City,2013-09-20 00:00:00,56,,57
Birmingham City,2014-09-19 00:00:00,56,39.0,79
Birmingham City,2015-09-10 00:00:00,56,32.0,75
Blackburn Rovers,2010-02-22 00:00:00,55,,70
Blackburn Rovers,2011-02-22 00:00:00,55,,65
Blackburn Rovers,2012-02-22 00:00:00,57,,57
Blackburn Rovers,2013-09-20 00:00:00,44,,64
Blackburn Rovers,2014-09-19 00:00:00,44,31.0,62
Blackburn Rovers,2015-09-10 00:00:00,60,60.0,65
Blackpool,2010-02-22 00:00:00,70,,70
Blackpool,2011-02-22 00:00:00,70,,30
Blackpool,2012-02-22 00:00:00,45,,52
Blackpool,2013-09-20 00:00:00,45,,52
Blackpool,2014-09-19 00:00:00,67,44.0,72
Blackpool,2015-09-10 00:00:00,62,36.0,64
Boavista FC,2015-09-10 00:00:00,47,56.0,50
VfL Bochum,2010-02-22 00:00:00,50,,65
VfL Bochum,2011-02-22 00:00:00,55,,56
VfL Bochum,2012-02-22 00:00:00,40,,48
VfL Bochum,2013-09-20 00:00:00,40,,48
VfL Bochum,2014-09-19 00:00:00,38,54.0,48
VfL Bochum,2015-09-10 00:00:00,69,38.0,57
Bologna,2010-02-22 00:00:00,65,,55
Bologna,2011-02-22 00:00:00,65,,35
Bologna,2012-02-22 00:00:00,40,,50
Bologna,2013-09-20 00:00:00,63,,48
Bologna,2014-09-19 00:00:00,63,53.0,48
Bologna,2015-09-10 00:00:00,63,53.0,48
Bolton Wanderers,2010-02-22 00:00:00,55,,70
Bolton Wanderers,2011-02-22 00:00:00,45,,70
Bolton Wanderers,2012-02-22 00:00:00,57,,56
Bolton Wanderers,2013-09-20 00:00:00,57,,53
Bolton Wanderers,2014-09-19 00:00:00,57,37.0,73
Bolton Wanderers,2015-09-10 00:00:00,57,34.0,61
Girondins de Bordeaux,2010-02-22 00:00:00,70,,35
Girondins de Bordeaux,2011-02-22 00:00:00,50,,35
Girondins de Bordeaux,2012-02-22 00:00:00,49,,37
Girondins de Bordeaux,2013-09-20 00:00:00,49,,37
Girondins de Bordeaux,2014-09-19 00:00:00,38,49.0,36
Girondins de Bordeaux,2015-09-10 00:00:00,51,40.0,48
Borussia Dortmund,2010-02-22 00:00:00,70,,45
Borussia Dortmund,2011-02-22 00:00:00,73,,43
Borussia Dortmund,2012-02-22 00:00:00,71,,45
Borussia Dortmund,2013-09-20 00:00:00,74,,45
Borussia Dortmund,2014-09-19 00:00:00,76,33.0,61
Borussia Dortmund,2015-09-10 00:00:00,71,37.0,40
Borussia Mönchengladbach,2010-02-22 00:00:00,65,,45
Borussia Mönchengladbach,2011-02-22 00:00:00,63,,46
Borussia Mönchengladbach,2012-02-22 00:00:00,57,,64
Borussia Mönchengladbach,2013-09-20 00:00:00,76,,40
Borussia Mönchengladbach,2014-09-19 00:00:00,31,53.0,32
Borussia Mönchengladbach,2015-09-10 00:00:00,31,53.0,32
US Boulogne Cote D'Opale,2010-02-22 00:00:00,45,,30
US Boulogne Cote D'Opale,2011-02-22 00:00:00,50,,35
US Boulogne Cote D'Opale,2012-02-22 00:00:00,49,,37
Bournemouth,2010-02-22 00:00:00,70,,70
Bournemouth,2011-02-22 00:00:00,51,,66
Bournemouth,2012-02-22 00:00:00,46,,46
Bournemouth,2013-09-20 00:00:00,39,,38
Bournemouth,2014-09-19 00:00:00,47,44.0,48
Bournemouth,2015-09-10 00:00:00,47,36.0,47
SC Braga,2010-02-22 00:00:00,30,,30
SC Braga,2011-02-22 00:00:00,30,,30
SC Braga,2012-02-22 00:00:00,53,,46
SC Braga,2013-09-20 00:00:00,66,,54
SC Braga,2014-09-19 00:00:00,53,35.0,55
SC Braga,2015-09-10 00:00:00,55,35.0,55
Brescia,2010-02-22 00:00:00,30,,30
Brescia,2011-02-22 00:00:00,30,,50
Brescia,2012-02-22 00:00:00,35,,35
Brescia,2013-09-20 00:00:00,42,,43
Brescia,2014-09-19 00:00:00,42,56.0,27
Brescia,2015-09-10 00:00:00,42,56.0,43
Stade Brestois 29,2010-02-22 00:00:00,50,,40
Stade Brestois 29,2011-02-22 00:00:00,65,,35
Stade Brestois 29,2012-02-22 00:00:00,64,,62
Stade Brestois 29,2013-09-20 00:00:00,59,,54
Stade Brestois 29,2014-09-19 00:00:00,59,48.0,54
Stade Brestois 29,2015-09-10 00:00:00,59,48.0,54
Burnley,2010-02-22 00:00:00,70,,65
Burnley,2011-02-22 00:00:00,36,,52
Burnley,2012-02-22 00:00:00,48,,44
Burnley,2013-09-20 00:00:00,54,,55
Burnley,2014-09-19 00:00:00,48,32.0,74
Burnley,2015-09-10 00:00:00,54,32.0,67
SM Caen,2010-02-22 00:00:00,65,,30
SM Caen,2011-02-22 00:00:00,65,,35
SM Caen,2012-02-22 00:00:00,48,,52
SM Caen,2013-09-20 00:00:00,48,,52
SM Caen,2014-09-19 00:00:00,62,50.0,45
SM Caen,2015-09-10 00:00:00,62,50.0,45
Cagliari,2010-02-22 00:00:00,40,,30
Cagliari,2011-02-22 00:00:00,65,,50
Cagliari,2012-02-22 00:00:00,40,,50
Cagliari,2013-09-20 00:00:00,63,,36
Cagliari,2014-09-19 00:00:00,63,51.0,53
Cagliari,2015-09-10 00:00:00,67,32.0,35
SC Cambuur,2014-09-19 00:00:00,45,39.0,42
SC Cambuur,2015-09-10 00:00:00,43,36.0,57
Cardiff City,2010-02-22 00:00:00,65,,70
Cardiff City,2011-02-22 00:00:00,67,,49
Cardiff City,2012-02-22 00:00:00,60,,64
Cardiff City,2013-09-20 00:00:00,60,,69
Cardiff City,2014-09-19 00:00:00,60,29.0,54
Cardiff City,2015-09-10 00:00:00,60,41.0,67
Carpi,2014-09-19 00:00:00,32,46.0,31
Carpi,2015-09-10 00:00:00,80,45.0,65
Catania,2010-02-22 00:00:00,35,,30
Catania,2011-02-22 00:00:00,65,,35
Catania,2012-02-22 00:00:00,40,,50
Catania,2013-09-20 00:00:00,67,,37
Catania,2014-09-19 00:00:00,75,52.0,48
Catania,2015-09-10 00:00:00,70,52.0,48
RC Celta de Vigo,2010-02-22 00:00:00,35,,30
RC Celta de Vigo,2011-02-22 00:00:00,43,,44
RC Celta de Vigo,2012-02-22 00:00:00,53,,62
RC Celta de Vigo,2013-09-20 00:00:00,53,,62
RC Celta de Vigo,2014-09-19 00:00:00,53,54.0,62
RC Celta de Vigo,2015-09-10 00:00:00,55,59.0,38
Celtic,2010-02-22 00:00:00,70,,70
Celtic,2011-02-22 00:00:00,54,,52
Celtic,2012-02-22 00:00:00,70,,58
Celtic,2013-09-20 00:00:00,50,,53
Celtic,2014-09-19 00:00:00,70,52.0,58
Celtic,2015-09-10 00:00:00,54,49.0,53
KSV Cercle Brugge,2010-02-22 00:00:00,45,,35
KSV Cercle Brugge,2011-02-22 00:00:00,50,,50
KSV Cercle Brugge,2012-02-22 00:00:00,68,,54
KSV Cercle Brugge,2013-09-20 00:00:00,53,,40
KSV Cercle Brugge,2014-09-19 00:00:00,53,49.0,43
KSV Cercle Brugge,2015-09-10 00:00:00,53,49.0,43
Cesena,2010-02-22 00:00:00,30,,30
Cesena,2011-02-22 00:00:00,50,,50
Cesena,2012-02-22 00:00:00,60,,40
Cesena,2013-09-20 00:00:00,73,,44
Cesena,2014-09-19 00:00:00,73,29.0,41
Cesena,2015-09-10 00:00:00,66,31.0,41
Chelsea,2010-02-22 00:00:00,70,,60
Chelsea,2011-02-22 00:00:00,60,,50
Chelsea,2012-02-22 00:00:00,60,,45
Chelsea,2013-09-20 00:00:00,46,,41
Chelsea,2014-09-19 00:00:00,67,52.0,38
Chelsea,2015-09-10 00:00:00,67,41.0,36
Chievo Verona,2010-02-22 00:00:00,45,,30
Chievo Verona,2011-02-22 00:00:00,45,,50
Chievo Verona,2012-02-22 00:00:00,60,,65
Chievo Verona,2013-09-20 00:00:00,66,,67
Chievo Verona,2014-09-19 00:00:00,66,54.0,67
Chievo Verona,2015-09-10 00:00:00,66,54.0,67
Club Brugge KV,2010-02-22 00:00:00,35,,40
Club Brugge KV,2011-02-22 00:00:00,67,,47
Club Brugge KV,2012-02-22 00:00:00,64,,54
Club Brugge KV,2013-09-20 00:00:00,45,,48
Club Brugge KV,2014-09-19 00:00:00,42,52.0,45
Club Brugge KV,2015-09-10 00:00:00,42,52.0,45
Córdoba CF,2010-02-22 00:00:00,30,,30
Córdoba CF,2011-02-22 00:00:00,39,,41
Córdoba CF,2012-02-22 00:00:00,40,,53
Córdoba CF,2013-09-20 00:00:00,40,,53
Córdoba CF,2014-09-19 00:00:00,40,53.0,53
Córdoba CF,2015-09-10 00:00:00,53,40.0,48
Cracovia,2010-02-22 00:00:00,30,,45
Cracovia,2011-02-22 00:00:00,46,,51
Cracovia,2012-02-22 00:00:00,57,,59
Cracovia,2014-09-19 00:00:00,37,50.0,38
Cracovia,2015-09-10 00:00:00,37,50.0,38
Crystal Palace,2010-02-22 00:00:00,70,,70
Crystal Palace,2011-02-22 00:00:00,53,,54
Crystal Palace,2012-02-22 00:00:00,43,,46
Crystal Palace,2013-09-20 00:00:00,52,,47
Crystal Palace,2014-09-19 00:00:00,61,36.0,68
Crystal Palace,2015-09-10 00:00:00,61,45.0,67
SV Darmstadt 98,2015-09-10 00:00:00,59,43.0,77
De Graafschap,2011-02-22 00:00:00,30,,40
De Graafschap,2012-02-22 00:00:00,37,,41
RC Deportivo de La Coruña,2010-02-22 00:00:00,30,,30
RC Deportivo de La Coruña,2011-02-22 00:00:00,56,,42
RC Deportivo de La Coruña,2012-02-22 00:00:00,56,,46
RC Deportivo de La Coruña,2013-09-20 00:00:00,56,,46
RC Deportivo de La Coruña,2014-09-19 00:00:00,56,55.0,46
RC Deportivo de La Coruña,2015-09-10 00:00:00,53,55.0,47
Dijon FCO,2010-02-22 00:00:00,55,,40
Dijon FCO,2011-02-22 00:00:00,65,,50
Dijon FCO,2012-02-22 00:00:00,51,,49
Dijon FCO,2013-09-20 00:00:00,51,,49
Dijon FCO,2014-09-19 00:00:00,51,54.0,49
Dijon FCO,2015-09-10 00:00:00,51,54.0,49
Dundee FC,2013-09-20 00:00:00,50,,49
Dundee FC,2015-09-10 00:00:00,47,47.0,48
Dundee United,2010-02-22 00:00:00,70,,70
Dundee United,2011-02-22 00:00:00,68,,53
Dundee United,2012-02-22 00:00:00,60,,60
Dundee United,2013-09-20 00:00:00,53,,52
Dundee United,2014-09-19 00:00:00,60,51.0,60
Dundee United,2015-09-10 00:00:00,60,58.0,53
Dunfermline Athletic,2012-02-22 00:00:00,55,,60
SD Eibar,2014-09-19 00:00:00,62,51.0,52
SD Eibar,2015-09-10 00:00:00,62,51.0,52
Eintracht Braunschweig,2012-02-22 00:00:00,64,,54
Eintracht Braunschweig,2013-09-20 00:00:00,68,,54
Eintracht Braunschweig,2014-09-19 00:00:00,61,60.0,62
Eintracht Braunschweig,2015-09-10 00:00:00,66,44.0,54
Eintracht Frankfurt,2010-02-22 00:00:00,60,,35
Eintracht Frankfurt,2011-02-22 00:00:00,52,,43
Eintracht Frankfurt,2012-02-22 00:00:00,38,,34
Eintracht Frankfurt,2013-09-20 00:00:00,41,,34
Eintracht Frankfurt,2014-09-19 00:00:00,63,48.0,42
Eintracht Frankfurt,2015-09-10 00:00:00,51,41.0,38
Elche CF,2010-02-22 00:00:00,30,,30
Elche CF,2011-02-22 00:00:00,43,,39
Elche CF,2012-02-22 00:00:00,55,,73
Elche CF,2013-09-20 00:00:00,55,,73
Elche CF,2014-09-19 00:00:00,55,47.0,69
Elche CF,2015-09-10 00:00:00,51,52.0,48
Empoli,2010-02-22 00:00:00,30,,30
Empoli,2011-02-22 00:00:00,50,,35
Empoli,2012-02-22 00:00:00,50,,50
Empoli,2013-09-20 00:00:00,51,,54
Empoli,2014-09-19 00:00:00,63,43.0,39
Empoli,2015-09-10 00:00:00,66,43.0,36
FC Energie Cottbus,2010-02-22 00:00:00,45,,55
FC Energie Cottbus,2011-02-22 00:00:00,64,,55
FC Energie Cottbus,2012-02-22 00:00:00,50,,48
FC Energie Cottbus,2013-09-20 00:00:00,50,,48
FC Energie Cottbus,2014-09-19 00:00:00,39,47.0,40
RCD Espanyol,2010-02-22 00:00:00,55,,40
RCD Espanyol,2011-02-22 00:00:00,68,,55
RCD Espanyol,2012-02-22 00:00:00,46,,44
RCD Espanyol,2013-09-20 00:00:00,50,,44
RCD Espanyol,2014-09-19 00:00:00,50,52.0,44
RCD Espanyol,2015-09-10 00:00:00,50,52.0,44
Estoril Praia,2013-09-20 00:00:00,66,,52
Estoril Praia,2014-09-19 00:00:00,66,56.0,52
Estoril Praia,2015-09-10 00:00:00,59,56.0,52
KAS Eupen,2011-02-22 00:00:00,50,,55
Everton,2010-02-22 00:00:00,60,,65
Everton,2011-02-22 00:00:00,60,,50
Everton,2012-02-22 00:00:00,56,,56
Everton,2013-09-20 00:00:00,58,,62
Everton,2014-09-19 00:00:00,61,34.0,42
Everton,2015-09-10 00:00:00,43,45.0,40
Évian Thonon Gaillard FC,2011-02-22 00:00:00,35,,65
Évian Thonon Gaillard FC,2012-02-22 00:00:00,53,,44
Évian Thonon Gaillard FC,2013-09-20 00:00:00,53,,44
Évian Thonon Gaillard FC,2014-09-19 00:00:00,61,51.0,44
Évian Thonon Gaillard FC,2015-09-10 00:00:00,58,35.0,56
Excelsior,2011-02-22 00:00:00,73,,59
Excelsior,2012-02-22 00:00:00,47,,52
Excelsior,2015-09-10 00:00:00,53,41.0,69
Falkirk,2010-02-22 00:00:00,70,,70
1. FC Köln,2010-02-22 00:00:00,55,,65
1. FC Köln,2011-02-22 00:00:00,58,,71
1. FC Köln,2012-02-22 00:00:00,53,,53
1. FC Köln,2013-09-20 00:00:00,60,,56
1. FC Köln,2014-09-19 00:00:00,59,53.0,57
1. FC Köln,2015-09-10 00:00:00,59,47.0,65
FC Dordrecht,2015-09-10 00:00:00,39,33.0,62
FC Groningen,2010-02-22 00:00:00,41,,32
FC Groningen,2011-02-22 00:00:00,51,,39
FC Groningen,2012-02-22 00:00:00,44,,41
FC Groningen,2013-09-20 00:00:00,44,,44
FC Groningen,2014-09-19 00:00:00,48,42.0,38
FC Groningen,2015-09-10 00:00:00,55,32.0,55
FC Porto,2010-02-22 00:00:00,30,,30
FC Porto,2011-02-22 00:00:00,50,,50
FC Porto,2012-02-22 00:00:00,52,,53
FC Porto,2013-09-20 00:00:00,52,,53
FC Porto,2014-09-19 00:00:00,52,50.0,53
FC Porto,2015-09-10 00:00:00,70,50.0,53
FC Utrecht,2010-02-22 00:00:00,45,,45
FC Utrecht,2011-02-22 00:00:00,66,,45
FC Utrecht,2012-02-22 00:00:00,47,,52
FC Utrecht,2013-09-20 00:00:00,47,,52
FC Utrecht,2014-09-19 00:00:00,50,50.0,52
FC Utrecht,2015-09-10 00:00:00,50,39.0,54
FC Vaduz,2015-09-10 00:00:00,53,32.0,56
FC Zürich,2010-02-22 00:00:00,45,,60
FC Zürich,2011-02-22 00:00:00,48,,56
FC Zürich,2012-02-22 00:00:00,62,,46
FC Zürich,2013-09-20 00:00:00,62,,46
FC Zürich,2014-09-19 00:00:00,62,49.0,46
FC Zürich,2015-09-10 00:00:00,62,49.0,46
Feyenoord,2010-02-22 00:00:00,30,,30
Feyenoord,2011-02-22 00:00:00,47,,53
Feyenoord,2012-02-22 00:00:00,38,,34
Feyenoord,2013-09-20 00:00:00,44,,44
Feyenoord,2014-09-19 00:00:00,54,40.0,60
Feyenoord,2015-09-10 00:00:00,50,33.0,48
Fiorentina,2010-02-22 00:00:00,67,,30
Fiorentina,2011-02-22 00:00:00,49,,50
Fiorentina,2012-02-22 00:00:00,45,,50
Fiorentina,2013-09-20 00:00:00,53,,51
Fiorentina,2014-09-19 00:00:00,34,54.0,33
Fiorentina,2015-09-10 00:00:00,34,54.0,33
Fortuna Düsseldorf,2010-02-22 00:00:00,65,,35
Fortuna Düsseldorf,2011-02-22 00:00:00,51,,38
Fortuna Düsseldorf,2012-02-22 00:00:00,67,,47
Fortuna Düsseldorf,2013-09-20 00:00:00,41,,69
Fortuna Düsseldorf,2014-09-19 00:00:00,72,69.0,57
Fortuna Düsseldorf,2015-09-10 00:00:00,47,62.0,47
SC Freiburg,2010-02-22 00:00:00,50,,30
SC Freiburg,2011-02-22 00:00:00,50,,47
SC Freiburg,2012-02-22 00:00:00,52,,61
SC Freiburg,2013-09-20 00:00:00,59,,38
SC Freiburg,2014-09-19 00:00:00,39,58.0,48
SC Freiburg,2015-09-10 00:00:00,59,54.0,38
Frosinone,2010-02-22 00:00:00,30,,30
Frosinone,2011-02-22 00:00:00,70,,48
Frosinone,2015-09-10 00:00:00,63,48.0,46
Fulham,2010-02-22 00:00:00,60,,70
Fulham,2011-02-22 00:00:00,50,,55
Fulham,2012-02-22 00:00:00,48,,45
Fulham,2013-09-20 00:00:00,52,,49
Fulham,2014-09-19 00:00:00,52,34.0,56
Fulham,2015-09-10 00:00:00,52,34.0,48
KRC Genk,2010-02-22 00:00:00,45,,45
KRC Genk,2011-02-22 00:00:00,66,,52
KRC Genk,2012-02-22 00:00:00,53,,55
KRC Genk,2013-09-20 00:00:00,58,,38
KRC Genk,2014-09-19 00:00:00,58,52.0,38
KRC Genk,2015-09-10 00:00:00,58,52.0,38
Genoa,2010-02-22 00:00:00,70,,50
Genoa,2011-02-22 00:00:00,65,,35
Genoa,2012-02-22 00:00:00,50,,50
Genoa,2013-09-20 00:00:00,64,,38
Genoa,2014-09-19 00:00:00,64,52.0,68
Genoa,2015-09-10 00:00:00,64,52.0,68
KAA Gent,2010-02-22 00:00:00,70,,65
KAA Gent,2011-02-22 00:00:00,55,,55
KAA Gent,2012-02-22 00:00:00,50,,47
KAA Gent,2013-09-20 00:00:00,50,,37
KAA Gent,2014-09-19 00:00:00,50,55.0,37
KAA Gent,2015-09-10 00:00:00,50,55.0,37
Getafe CF,2010-02-22 00:00:00,30,,35
Getafe CF,2011-02-22 00:00:00,54,,45
Getafe CF,2012-02-22 00:00:00,25,,40
Getafe CF,2013-09-20 00:00:00,29,,40
Getafe CF,2014-09-19 00:00:00,35,42.0,40
Getafe CF,2015-09-10 00:00:00,34,41.0,38
GFC Ajaccio,2013-09-20 00:00:00,61,,52
GFC Ajaccio,2015-09-10 00:00:00,48,53.0,52
Gil Vicente FC,2012-02-22 00:00:00,46,,41
Gil Vicente FC,2013-09-20 00:00:00,46,,41
Gil Vicente FC,2014-09-19 00:00:00,65,67.0,41
Gil Vicente FC,2015-09-10 00:00:00,68,67.0,41
GKS Bełchatów,2010-02-22 00:00:00,30,,50
GKS Bełchatów,2011-02-22 00:00:00,47,,27
GKS Bełchatów,2012-02-22 00:00:00,52,,67
GKS Bełchatów,2013-09-20 00:00:00,52,,43
GKS Bełchatów,2015-09-10 00:00:00,52,48.0,43
Go Ahead Eagles,2014-09-19 00:00:00,55,47.0,42
Go Ahead Eagles,2015-09-10 00:00:00,58,38.0,64
Górnik Łęczna,2015-09-10 00:00:00,41,40.0,59
Polonia Bytom,2010-02-22 00:00:00,30,,50
Polonia Bytom,2011-02-22 00:00:00,46,,38
Granada CF,2011-02-22 00:00:00,53,,52
Granada CF,2012-02-22 00:00:00,48,,37
Granada CF,2013-09-20 00:00:00,52,,37
Granada CF,2014-09-19 00:00:00,52,62.0,37
Granada CF,2015-09-10 00:00:00,57,50.0,59
Grasshopper Club Zürich,2010-02-22 00:00:00,30,,50
Grasshopper Club Zürich,2011-02-22 00:00:00,67,,53
Grasshopper Club Zürich,2012-02-22 00:00:00,50,,54
Grasshopper Club Zürich,2013-09-20 00:00:00,50,,54
Grasshopper Club Zürich,2014-09-19 00:00:00,50,60.0,54
Grasshopper Club Zürich,2015-09-10 00:00:00,50,60.0,54
Grenoble Foot 38,2010-02-22 00:00:00,70,,70
Grenoble Foot 38,2011-02-22 00:00:00,50,,50
SpVgg Greuther Fürth,2010-02-22 00:00:00,55,,45
SpVgg Greuther Fürth,2011-02-22 00:00:00,59,,40
SpVgg Greuther Fürth,2012-02-22 00:00:00,68,,45
SpVgg Greuther Fürth,2013-09-20 00:00:00,57,,53
SpVgg Greuther Fürth,2014-09-19 00:00:00,66,60.0,38
SpVgg Greuther Fürth,2015-09-10 00:00:00,54,60.0,53
En Avant de Guingamp,2010-02-22 00:00:00,35,,30
En Avant de Guingamp,2012-02-22 00:00:00,52,,48
En Avant de Guingamp,2013-09-20 00:00:00,52,,48
En Avant de Guingamp,2014-09-19 00:00:00,63,58.0,48
En Avant de Guingamp,2015-09-10 00:00:00,63,37.0,58
Hamburger SV,2010-02-22 00:00:00,70,,60
Hamburger SV,2011-02-22 00:00:00,52,,29
Hamburger SV,2012-02-22 00:00:00,46,,40
Hamburger SV,2013-09-20 00:00:00,34,,38
Hamburger SV,2014-09-19 00:00:00,45,61.0,58
Hamburger SV,2015-09-10 00:00:00,42,56.0,52
Hamilton Academical FC,2010-02-22 00:00:00,70,,70
Hamilton Academical FC,2011-02-22 00:00:00,66,,52
Hamilton Academical FC,2015-09-10 00:00:00,48,48.0,47
Hannover 96,2010-02-22 00:00:00,55,,70
Hannover 96,2011-02-22 00:00:00,55,,56
Hannover 96,2012-02-22 00:00:00,65,,58
Hannover 96,2013-09-20 00:00:00,78,,58
Hannover 96,2014-09-19 00:00:00,48,55.0,38
Hannover 96,2015-09-10 00:00:00,48,55.0,41
Heart of Midlothian,2010-02-22 00:00:00,70,,70
Heart of Midlothian,2011-02-22 00:00:00,66,,53
Heart of Midlothian,2012-02-22 00:00:00,55,,62
Heart of Midlothian,2013-09-20 00:00:00,52,,53
Heart of Midlothian,2014-09-19 00:00:00,55,51.0,62
Heracles Almelo,2010-02-22 00:00:00,30,,45
Heracles Almelo,2011-02-22 00:00:00,69,,45
Heracles Almelo,2012-02-22 00:00:00,43,,27
Heracles Almelo,2013-09-20 00:00:00,39,,32
Heracles Almelo,2014-09-19 00:00:00,46,55.0,32
Heracles Almelo,2015-09-10 00:00:00,50,36.0,61
Hércules Club de Fútbol,2010-02-22 00:00:00,40,,30
Hércules Club de Fútbol,2011-02-22 00:00:00,54,,55
Hércules Club de Fútbol,2012-02-22 00:00:00,53,,54
Hércules Club de Fútbol,2013-09-20 00:00:00,53,,54
Hércules Club de Fútbol,2014-09-19 00:00:00,53,47.0,54
Hertha BSC Berlin,2010-02-22 00:00:00,60,,50
Hertha BSC Berlin,2011-02-22 00:00:00,59,,43
Hertha BSC Berlin,2012-02-22 00:00:00,48,,45
Hertha BSC Berlin,2013-09-20 00:00:00,40,,55
Hertha BSC Berlin,2014-09-19 00:00:00,68,52.0,55
Hertha BSC Berlin,2015-09-10 00:00:00,47,44.0,55
Hibernian,2010-02-22 00:00:00,70,,70
Hibernian,2011-02-22 00:00:00,48,,51
Hibernian,2012-02-22 00:00:00,55,,44
Hibernian,2013-09-20 00:00:00,60,,46
Hibernian,2014-09-19 00:00:00,55,49.0,44
TSG 1899 Hoffenheim,2010-02-22 00:00:00,70,,30
TSG 1899 Hoffenheim,2011-02-22 00:00:00,75,,35
TSG 1899 Hoffenheim,2012-02-22 00:00:00,61,,53
TSG 1899 Hoffenheim,2013-09-20 00:00:00,32,,53
TSG 1899 Hoffenheim,2014-09-19 00:00:00,68,49.0,63
TSG 1899 Hoffenheim,2015-09-10 00:00:00,69,49.0,53
Hull City,2010-02-22 00:00:00,65,,60
Hull City,2011-02-22 00:00:00,49,,52
Hull City,2012-02-22 00:00:00,61,,48
Hull City,2013-09-20 00:00:00,63,,48
Hull City,2014-09-19 00:00:00,56,35.0,51
Hull City,2015-09-10 00:00:00,56,40.0,55
FC Ingolstadt 04,2011-02-22 00:00:00,47,,54
FC Ingolstadt 04,2012-02-22 00:00:00,55,,46
FC Ingolstadt 04,2013-09-20 00:00:00,55,,46
FC Ingolstadt 04,2014-09-19 00:00:00,54,59.0,47
FC Ingolstadt 04,2015-09-10 00:00:00,55,51.0,46
Inter,2010-02-22 00:00:00,55,,55
Inter,2011-02-22 00:00:00,55,,50
Inter,2012-02-22 00:00:00,45,,50
Inter,2013-09-20 00:00:00,67,,67
Inter,2014-09-19 00:00:00,67,48.0,67
Inter,2015-09-10 00:00:00,58,69.0,54
Inverness Caledonian Thistle,2011-02-22 00:00:00,36,,67
Inverness Caledonian Thistle,2012-02-22 00:00:00,61,,59
Inverness Caledonian Thistle,2013-09-20 00:00:00,35,,54
Inverness Caledonian Thistle,2014-09-19 00:00:00,61,49.0,59
Inverness Caledonian Thistle,2015-09-10 00:00:00,48,47.0,32
Jagiellonia Białystok,2010-02-22 00:00:00,30,,50
Jagiellonia Białystok,2011-02-22 00:00:00,33,,52
Jagiellonia Białystok,2012-02-22 00:00:00,58,,69
Jagiellonia Białystok,2013-09-20 00:00:00,58,,69
Jagiellonia Białystok,2014-09-19 00:00:00,38,54.0,38
Jagiellonia Białystok,2015-09-10 00:00:00,66,54.0,38
Juventus,2010-02-22 00:00:00,45,,35
Juventus,2011-02-22 00:00:00,65,,50
Juventus,2012-02-22 00:00:00,50,,35
Juventus,2013-09-20 00:00:00,39,,33
Juventus,2014-09-19 00:00:00,26,47.0,24
Juventus,2015-09-10 00:00:00,50,35.0,20
1. FC Kaiserslautern,2010-02-22 00:00:00,45,,55
1. FC Kaiserslautern,2011-02-22 00:00:00,48,,42
1. FC Kaiserslautern,2012-02-22 00:00:00,38,,54
1. FC Kaiserslautern,2013-09-20 00:00:00,61,,54
1. FC Kaiserslautern,2014-09-19 00:00:00,66,48.0,53
1. FC Kaiserslautern,2015-09-10 00:00:00,49,54.0,52
Karlsruher SC,2010-02-22 00:00:00,70,,35
Karlsruher SC,2011-02-22 00:00:00,53,,55
Karlsruher SC,2012-02-22 00:00:00,54,,47
Karlsruher SC,2014-09-19 00:00:00,56,55.0,53
Karlsruher SC,2015-09-10 00:00:00,54,52.0,47
Kilmarnock,2010-02-22 00:00:00,70,,70
Kilmarnock,2011-02-22 00:00:00,36,,36
Kilmarnock,2012-02-22 00:00:00,56,,61
Kilmarnock,2013-09-20 00:00:00,53,,54
Kilmarnock,2014-09-19 00:00:00,56,50.0,61
Kilmarnock,2015-09-10 00:00:00,50,48.0,60
Korona Kielce,2010-02-22 00:00:00,30,,45
Korona Kielce,2011-02-22 00:00:00,67,,66
Korona Kielce,2012-02-22 00:00:00,75,,62
Korona Kielce,2013-09-20 00:00:00,70,,50
Korona Kielce,2014-09-19 00:00:00,73,69.0,50
Korona Kielce,2015-09-10 00:00:00,59,69.0,50
KV Kortrijk,2010-02-22 00:00:00,50,,60
KV Kortrijk,2011-02-22 00:00:00,38,,65
KV Kortrijk,2012-02-22 00:00:00,31,,47
KV Kortrijk,2013-09-20 00:00:00,42,,40
KV Kortrijk,2014-09-19 00:00:00,42,40.0,47
KV Kortrijk,2015-09-10 00:00:00,42,40.0,47
KV Mechelen,2010-02-22 00:00:00,65,,60
KV Mechelen,2011-02-22 00:00:00,67,,57
KV Mechelen,2012-02-22 00:00:00,52,,54
KV Mechelen,2013-09-20 00:00:00,52,,33
KV Mechelen,2014-09-19 00:00:00,52,42.0,40
KV Mechelen,2015-09-10 00:00:00,52,42.0,40
UD Las Palmas,2010-02-22 00:00:00,30,,30
UD Las Palmas,2011-02-22 00:00:00,54,,56
UD Las Palmas,2012-02-22 00:00:00,48,,44
UD Las Palmas,2013-09-20 00:00:00,48,,44
UD Las Palmas,2014-09-19 00:00:00,48,55.0,44
UD Las Palmas,2015-09-10 00:00:00,48,55.0,44
FC Lausanne-Sports,2010-02-22 00:00:00,30,,60
FC Lausanne-Sports,2012-02-22 00:00:00,37,,49
FC Lausanne-Sports,2013-09-20 00:00:00,51,,49
FC Lausanne-Sports,2014-09-19 00:00:00,37,55.0,49
Lazio,2010-02-22 00:00:00,60,,50
Lazio,2011-02-22 00:00:00,60,,35
Lazio,2012-02-22 00:00:00,45,,50
Lazio,2013-09-20 00:00:00,51,,54
Lazio,2014-09-19 00:00:00,49,69.0,54
Lazio,2015-09-10 00:00:00,68,65.0,55
Le Havre AC,2010-02-22 00:00:00,55,,45
Le Havre AC,2011-02-22 00:00:00,50,,50
Le Havre AC,2012-02-22 00:00:00,46,,52
Le Havre AC,2013-09-20 00:00:00,46,,52
Le Havre AC,2014-09-19 00:00:00,46,56.0,52
Le Havre AC,2015-09-10 00:00:00,46,56.0,52
Le Mans FC,2010-02-22 00:00:00,70,,45
Le Mans FC,2011-02-22 00:00:00,65,,50
Le Mans FC,2012-02-22 00:00:00,58,,47
Le Mans FC,2013-09-20 00:00:00,58,,47
Lecce,2010-02-22 00:00:00,40,,30
Lecce,2011-02-22 00:00:00,50,,50
Lecce,2012-02-22 00:00:00,45,,50
Lech Poznań,2010-02-22 00:00:00,40,,35
Lech Poznań,2011-02-22 00:00:00,64,,57
Lech Poznań,2012-02-22 00:00:00,67,,54
Lech Poznań,2013-09-20 00:00:00,67,,54
Lech Poznań,2014-09-19 00:00:00,67,55.0,54
Lech Poznań,2015-09-10 00:00:00,57,50.0,40
Lechia Gdańsk,2010-02-22 00:00:00,30,,45
Lechia Gdańsk,2011-02-22 00:00:00,63,,37
Lechia Gdańsk,2012-02-22 00:00:00,44,,52
Lechia Gdańsk,2013-09-20 00:00:00,44,,52
Lechia Gdańsk,2014-09-19 00:00:00,62,48.0,52
Lechia Gdańsk,2015-09-10 00:00:00,62,48.0,52
Legia Warszawa,2010-02-22 00:00:00,30,,35
Legia Warszawa,2011-02-22 00:00:00,67,,35
Legia Warszawa,2012-02-22 00:00:00,69,,55
Legia Warszawa,2013-09-20 00:00:00,69,,55
Legia Warszawa,2014-09-19 00:00:00,54,51.0,36
Legia Warszawa,2015-09-10 00:00:00,54,47.0,36
Leicester City,2010-02-22 00:00:00,70,,70
Leicester City,2011-02-22 00:00:00,36,,52
Leicester City,2012-02-22 00:00:00,45,,48
Leicester City,2013-09-20 00:00:00,45,,48
Leicester City,2014-09-19 00:00:00,63,36.0,48
Leicester City,2015-09-10 00:00:00,63,41.0,60
Leixões SC,2010-02-22 00:00:00,30,,30
RC Lens,2010-02-22 00:00:00,30,,30
RC Lens,2011-02-22 00:00:00,65,,50
RC Lens,2012-02-22 00:00:00,64,,49
RC Lens,2013-09-20 00:00:00,64,,49
RC Lens,2014-09-19 00:00:00,64,52.0,49
RC Lens,2015-09-10 00:00:00,64,44.0,50
Levante UD,2010-02-22 00:00:00,30,,30
Levante UD,2011-02-22 00:00:00,68,,56
Levante UD,2012-02-22 00:00:00,53,,63
Levante UD,2013-09-20 00:00:00,57,,63
Levante UD,2014-09-19 00:00:00,57,51.0,63
Levante UD,2015-09-10 00:00:00,62,36.0,65
Lierse SK,2011-02-22 00:00:00,48,,65
Lierse SK,2012-02-22 00:00:00,69,,58
Lierse SK,2013-09-20 00:00:00,69,,58
Lierse SK,2014-09-19 00:00:00,69,44.0,58
Lierse SK,2015-09-10 00:00:00,69,44.0,58
LOSC Lille,2010-02-22 00:00:00,70,,60
LOSC Lille,2011-02-22 00:00:00,65,,65
LOSC Lille,2012-02-22 00:00:00,34,,23
LOSC Lille,2013-09-20 00:00:00,34,,42
LOSC Lille,2014-09-19 00:00:00,45,65.0,42
LOSC Lille,2015-09-10 00:00:00,45,36.0,43
Liverpool,2010-02-22 00:00:00,50,,35
Liverpool,2011-02-22 00:00:00,60,,50
Liverpool,2012-02-22 00:00:00,60,,60
Liverpool,2013-09-20 00:00:00,39,,44
Liverpool,2014-09-19 00:00:00,71,48.0,32
Liverpool,2015-09-10 00:00:00,66,60.0,45
Livorno,2010-02-22 00:00:00,30,,30
Livorno,2011-02-22 00:00:00,65,,50
Livorno,2012-02-22 00:00:00,50,,50
Livorno,2013-09-20 00:00:00,58,,55
Livorno,2014-09-19 00:00:00,58,58.0,67
Livorno,2015-09-10 00:00:00,58,58.0,67
Widzew Łódź,2011-02-22 00:00:00,63,,48
Widzew Łódź,2012-02-22 00:00:00,66,,72
Widzew Łódź,2013-09-20 00:00:00,66,,59
Widzew Łódź,2014-09-19 00:00:00,66,52.0,72
Sporting Lokeren,2010-02-22 00:00:00,60,,60
Sporting Lokeren,2011-02-22 00:00:00,66,,53
Sporting Lokeren,2012-02-22 00:00:00,67,,52
Sporting Lokeren,2013-09-20 00:00:00,67,,52
Sporting Lokeren,2014-09-19 00:00:00,62,45.0,52
Sporting Lokeren,2015-09-10 00:00:00,62,45.0,52
FC Lorient,2010-02-22 00:00:00,45,,70
FC Lorient,2011-02-22 00:00:00,35,,35
FC Lorient,2012-02-22 00:00:00,60,,42
FC Lorient,2013-09-20 00:00:00,60,,42
FC Lorient,2014-09-19 00:00:00,60,56.0,42
FC Lorient,2015-09-10 00:00:00,57,42.0,50
FC Luzern,2010-02-22 00:00:00,45,,60
FC Luzern,2011-02-22 00:00:00,48,,57
FC Luzern,2012-02-22 00:00:00,46,,48
FC Luzern,2013-09-20 00:00:00,46,,48
FC Luzern,2014-09-19 00:00:00,63,51.0,51
FC Luzern,2015-09-10 00:00:00,63,51.0,51
Olympique Lyonnais,2010-02-22 00:00:00,60,,40
Olympique Lyonnais,2011-02-22 00:00:00,65,,50
Olympique Lyonnais,2012-02-22 00:00:00,49,,52
Olympique Lyonnais,2013-09-20 00:00:00,49,,52
Olympique Lyonnais,2014-09-19 00:00:00,49,60.0,52
Olympique Lyonnais,2015-09-10 00:00:00,49,60.0,52
1. FSV Mainz 05,2010-02-22 00:00:00,45,,40
1. FSV Mainz 05,2011-02-22 00:00:00,65,,50
1. FSV Mainz 05,2012-02-22 00:00:00,68,,57
1. FSV Mainz 05,2013-09-20 00:00:00,66,,52
1. FSV Mainz 05,2014-09-19 00:00:00,67,54.0,57
1. FSV Mainz 05,2015-09-10 00:00:00,60,43.0,53
Málaga CF,2010-02-22 00:00:00,60,,55
Málaga CF,2011-02-22 00:00:00,58,,54
Málaga CF,2012-02-22 00:00:00,41,,36
Málaga CF,2013-09-20 00:00:00,45,,36
Málaga CF,2014-09-19 00:00:00,45,42.0,36
Málaga CF,2015-09-10 00:00:00,42,51.0,36
RCD Mallorca,2010-02-22 00:00:00,40,,40
RCD Mallorca,2011-02-22 00:00:00,53,,52
RCD Mallorca,2012-02-22 00:00:00,58,,57
RCD Mallorca,2013-09-20 00:00:00,62,,57
RCD Mallorca,2014-09-19 00:00:00,62,53.0,57
RCD Mallorca,2015-09-10 00:00:00,62,53.0,57
Manchester City,2010-02-22 00:00:00,70,,60
Manchester City,2011-02-22 00:00:00,70,,60
Manchester City,2012-02-22 00:00:00,45,,55
Manchester City,2013-09-20 00:00:00,36,,34
Manchester City,2014-09-19 00:00:00,59,35.0,29
Manchester City,2015-09-10 00:00:00,59,35.0,29
Manchester United,2010-02-22 00:00:00,70,,45
Manchester United,2011-02-22 00:00:00,65,,40
Manchester United,2012-02-22 00:00:00,46,,54
Manchester United,2013-09-20 00:00:00,46,,38
Manchester United,2014-09-19 00:00:00,46,34.0,54
Manchester United,2015-09-10 00:00:00,38,42.0,44
CS Marítimo,2010-02-22 00:00:00,30,,30
CS Marítimo,2011-02-22 00:00:00,30,,30
CS Marítimo,2012-02-22 00:00:00,38,,44
CS Marítimo,2013-09-20 00:00:00,38,,44
CS Marítimo,2014-09-19 00:00:00,67,49.0,66
CS Marítimo,2015-09-10 00:00:00,61,49.0,66
Olympique de Marseille,2010-02-22 00:00:00,55,,45
Olympique de Marseille,2011-02-22 00:00:00,65,,35
Olympique de Marseille,2012-02-22 00:00:00,48,,50
Olympique de Marseille,2013-09-20 00:00:00,48,,50
Olympique de Marseille,2014-09-19 00:00:00,51,62.0,50
Olympique de Marseille,2015-09-10 00:00:00,51,77.0,41
FC Metz,2010-02-22 00:00:00,50,,30
FC Metz,2011-02-22 00:00:00,65,,65
FC Metz,2012-02-22 00:00:00,50,,49
FC Metz,2014-09-19 00:00:00,55,42.0,49
FC Metz,2015-09-10 00:00:00,55,48.0,49
Middlesbrough,2010-02-22 00:00:00,70,,70
Middlesbrough,2011-02-22 00:00:00,66,,51
Middlesbrough,2012-02-22 00:00:00,60,,72
Middlesbrough,2013-09-20 00:00:00,60,,40
Middlesbrough,2014-09-19 00:00:00,60,28.0,56
Middlesbrough,2015-09-10 00:00:00,60,32.0,46
AS Monaco,2010-02-22 00:00:00,35,,55
AS Monaco,2011-02-22 00:00:00,65,,50
AS Monaco,2012-02-22 00:00:00,52,,48
AS Monaco,2013-09-20 00:00:00,52,,48
AS Monaco,2014-09-19 00:00:00,52,68.0,48
AS Monaco,2015-09-10 00:00:00,52,42.0,43
RAEC Mons,2012-02-22 00:00:00,50,,50
RAEC Mons,2013-09-20 00:00:00,50,,50
RAEC Mons,2014-09-19 00:00:00,55,50.0,55
Montpellier Hérault SC,2010-02-22 00:00:00,35,,35
Montpellier Hérault SC,2011-02-22 00:00:00,50,,50
Montpellier Hérault SC,2012-02-22 00:00:00,52,,47
Montpellier Hérault SC,2013-09-20 00:00:00,52,,47
Montpellier Hérault SC,2014-09-19 00:00:00,52,58.0,47
Montpellier Hérault SC,2015-09-10 00:00:00,54,43.0,65
Moreirense FC,2013-09-20 00:00:00,38,,43
Moreirense FC,2015-09-10 00:00:00,38,58.0,43
Motherwell,2010-02-22 00:00:00,70,,70
Motherwell,2011-02-22 00:00:00,48,,49
Motherwell,2012-02-22 00:00:00,70,,55
Motherwell,2013-09-20 00:00:00,67,,54
Motherwell,2014-09-19 00:00:00,70,47.0,55
Motherwell,2015-09-10 00:00:00,64,46.0,55
Royal Excel Mouscron,2015-09-10 00:00:00,50,50.0,50
NAC Breda,2010-02-22 00:00:00,30,,35
NAC Breda,2011-02-22 00:00:00,33,,44
NAC Breda,2012-02-22 00:00:00,40,,48
NAC Breda,2013-09-20 00:00:00,58,,53
NAC Breda,2014-09-19 00:00:00,46,44.0,54
NAC Breda,2015-09-10 00:00:00,45,49.0,59
CD Nacional,2010-02-22 00:00:00,45,,30
CD Nacional,2011-02-22 00:00:00,47,,30
CD Nacional,2012-02-22 00:00:00,41,,43
CD Nacional,2013-09-20 00:00:00,41,,43
CD Nacional,2014-09-19 00:00:00,41,59.0,43
CD Nacional,2015-09-10 00:00:00,65,59.0,43
AS Nancy-Lorraine,2010-02-22 00:00:00,65,,40
AS Nancy-Lorraine,2011-02-22 00:00:00,35,,35
AS Nancy-Lorraine,2012-02-22 00:00:00,49,,49
AS Nancy-Lorraine,2013-09-20 00:00:00,49,,49
AS Nancy-Lorraine,2014-09-19 00:00:00,49,48.0,49
AS Nancy-Lorraine,2015-09-10 00:00:00,49,48.0,49
FC Nantes,2010-02-22 00:00:00,55,,35
FC Nantes,2011-02-22 00:00:00,50,,50
FC Nantes,2012-02-22 00:00:00,46,,51
FC Nantes,2013-09-20 00:00:00,46,,51
FC Nantes,2014-09-19 00:00:00,63,53.0,48
FC Nantes,2015-09-10 00:00:00,63,70.0,56
Naval 1° de Maio,2010-02-22 00:00:00,30,,30
Naval 1° de Maio,2011-02-22 00:00:00,50,,65
N.E.C.,2010-02-22 00:00:00,32,,30
N.E.C.,2011-02-22 00:00:00,47,,46
N.E.C.,2012-02-22 00:00:00,46,,38
N.E.C.,2013-09-20 00:00:00,46,,41
N.E.C.,2014-09-19 00:00:00,49,42.0,59
Newcastle United,2010-02-22 00:00:00,70,,60
Newcastle United,2011-02-22 00:00:00,55,,50
Newcastle United,2012-02-22 00:00:00,54,,54
Newcastle United,2013-09-20 00:00:00,58,,72
Newcastle United,2014-09-19 00:00:00,54,33.0,47
Newcastle United,2015-09-10 00:00:00,58,45.0,49
OGC Nice,2010-02-22 00:00:00,70,,70
OGC Nice,2011-02-22 00:00:00,50,,50
OGC Nice,2012-02-22 00:00:00,48,,66
OGC Nice,2013-09-20 00:00:00,48,,66
OGC Nice,2014-09-19 00:00:00,48,61.0,66
OGC Nice,2015-09-10 00:00:00,48,55.0,53
Norwich City,2010-02-22 00:00:00,65,,70
Norwich City,2011-02-22 00:00:00,49,,52
Norwich City,2012-02-22 00:00:00,63,,61
Norwich City,2013-09-20 00:00:00,70,,70
Norwich City,2014-09-19 00:00:00,45,28.0,64
Norwich City,2015-09-10 00:00:00,45,38.0,55
Novara,2011-02-22 00:00:00,53,,35
Novara,2012-02-22 00:00:00,55,,50
Novara,2013-09-20 00:00:00,66,,62
Novara,2014-09-19 00:00:00,66,57.0,56
1. FC Nürnberg,2010-02-22 00:00:00,45,,50
1. FC Nürnberg,2011-02-22 00:00:00,45,,50
1. FC Nürnberg,2012-02-22 00:00:00,44,,49
1. FC Nürnberg,2013-09-20 00:00:00,46,,49
1. FC Nürnberg,2014-09-19 00:00:00,46,62.0,38
1. FC Nürnberg,2015-09-10 00:00:00,46,58.0,49
CD Numancia,2010-02-22 00:00:00,55,,40
CD Numancia,2011-02-22 00:00:00,71,,53
CD Numancia,2012-02-22 00:00:00,44,,45
CD Numancia,2013-09-20 00:00:00,44,,45
CD Numancia,2014-09-19 00:00:00,44,48.0,45
CD Numancia,2015-09-10 00:00:00,44,48.0,45
Odra Wodzisław,2010-02-22 00:00:00,30,,45
S.C. Olhanense,2010-02-22 00:00:00,45,,55
S.C. Olhanense,2011-02-22 00:00:00,65,,55
S.C. Olhanense,2012-02-22 00:00:00,45,,40
S.C. Olhanense,2013-09-20 00:00:00,45,,52
S.C. Olhanense,2014-09-19 00:00:00,45,62.0,40
KV Oostende,2014-09-19 00:00:00,52,49.0,54
KV Oostende,2015-09-10 00:00:00,52,49.0,54
CA Osasuna,2010-02-22 00:00:00,35,,35
CA Osasuna,2011-02-22 00:00:00,55,,54
CA Osasuna,2012-02-22 00:00:00,34,,52
CA Osasuna,2013-09-20 00:00:00,38,,52
CA Osasuna,2014-09-19 00:00:00,38,53.0,52
CA Osasuna,2015-09-10 00:00:00,38,53.0,52
Oud-Heverlee Leuven,2012-02-22 00:00:00,52,,50
Oud-Heverlee Leuven,2013-09-20 00:00:00,52,,50
Oud-Heverlee Leuven,2014-09-19 00:00:00,52,51.0,50
FC Paços de Ferreira,2010-02-22 00:00:00,30,,30
FC Paços de Ferreira,2011-02-22 00:00:00,50,,50
FC Paços de Ferreira,2012-02-22 00:00:00,38,,39
FC Paços de Ferreira,2013-09-20 00:00:00,50,,39
FC Paços de Ferreira,2014-09-19 00:00:00,38,40.0,39
FC Paços de Ferreira,2015-09-10 00:00:00,63,40.0,39
SC Paderborn 07,2010-02-22 00:00:00,70,,49
SC Paderborn 07,2011-02-22 00:00:00,52,,48
SC Paderborn 07,2012-02-22 00:00:00,67,,59
SC Paderborn 07,2013-09-20 00:00:00,67,,59
SC Paderborn 07,2014-09-19 00:00:00,73,46.0,55
SC Paderborn 07,2015-09-10 00:00:00,67,46.0,62
Palermo,2010-02-22 00:00:00,63,,50
Palermo,2011-02-22 00:00:00,65,,35
Palermo,2012-02-22 00:00:00,60,,40
Palermo,2013-09-20 00:00:00,66,,37
Palermo,2014-09-19 00:00:00,66,55.0,37
Palermo,2015-09-10 00:00:00,66,66.0,36
Paris Saint-Germain,2010-02-22 00:00:00,50,,65
Paris Saint-Germain,2011-02-22 00:00:00,35,,35
Paris Saint-Germain,2012-02-22 00:00:00,49,,41
Paris Saint-Germain,2013-09-20 00:00:00,49,,41
Paris Saint-Germain,2014-09-19 00:00:00,49,70.0,55
Paris Saint-Germain,2015-09-10 00:00:00,49,47.0,34
Parma,2010-02-22 00:00:00,30,,30
Parma,2011-02-22 00:00:00,50,,30
Parma,2012-02-22 00:00:00,45,,35
Parma,2013-09-20 00:00:00,48,,33
Parma,2014-09-19 00:00:00,48,71.0,33
Parma,2015-09-10 00:00:00,48,66.0,33
Partick Thistle F.C.,2014-09-19 00:00:00,48,50.0,37
Partick Thistle F.C.,2015-09-10 00:00:00,48,48.0,47
PEC Zwolle,2013-09-20 00:00:00,47,,49
PEC Zwolle,2014-09-19 00:00:00,57,41.0,39
PEC Zwolle,2015-09-10 00:00:00,45,35.0,56
FC Penafiel,2015-09-10 00:00:00,54,54.0,39
Pescara,2011-02-22 00:00:00,50,,60
Pescara,2012-02-22 00:00:00,65,,65
Pescara,2013-09-20 00:00:00,55,,40
Pescara,2014-09-19 00:00:00,64,52.0,36
Pescara,2015-09-10 00:00:00,64,31.0,53
Piast Gliwice,2010-02-22 00:00:00,30,,45
Piast Gliwice,2013-09-20 00:00:00,30,,46
Piast Gliwice,2014-09-19 00:00:00,64,52.0,67
Piast Gliwice,2015-09-10 00:00:00,64,52.0,67
Podbeskidzie Bielsko-Biała,2012-02-22 00:00:00,54,,51
Podbeskidzie Bielsko-Biała,2013-09-20 00:00:00,54,,51
Podbeskidzie Bielsko-Biała,2014-09-19 00:00:00,72,55.0,66
Podbeskidzie Bielsko-Biała,2015-09-10 00:00:00,68,55.0,66
Pogoń Szczecin,2013-09-20 00:00:00,67,,54
Pogoń Szczecin,2014-09-19 00:00:00,50,48.0,36
Pogoń Szczecin,2015-09-10 00:00:00,50,33.0,36
P. Warszawa,2010-02-22 00:00:00,30,,40
P. Warszawa,2011-02-22 00:00:00,33,,47
P. Warszawa,2012-02-22 00:00:00,34,,45
P. Warszawa,2013-09-20 00:00:00,34,,45
Portsmouth,2010-02-22 00:00:00,70,,70
Portsmouth,2011-02-22 00:00:00,36,,48
Portsmouth,2012-02-22 00:00:00,64,,59
Portsmouth,2013-09-20 00:00:00,68,,62
Portsmouth,2014-09-19 00:00:00,59,32.0,57
Portsmouth,2015-09-10 00:00:00,59,32.0,57
PSV,2010-02-22 00:00:00,30,,30
PSV,2011-02-22 00:00:00,63,,30
PSV,2012-02-22 00:00:00,33,,42
PSV,2013-09-20 00:00:00,54,,45
PSV,2014-09-19 00:00:00,67,35.0,40
PSV,2015-09-10 00:00:00,67,43.0,43
Queens Park Rangers,2010-02-22 00:00:00,70,,70
Queens Park Rangers,2011-02-22 00:00:00,51,,49
Queens Park Rangers,2012-02-22 00:00:00,57,,58
Queens Park Rangers,2013-09-20 00:00:00,58,,54
Queens Park Rangers,2014-09-19 00:00:00,52,36.0,53
Queens Park Rangers,2015-09-10 00:00:00,30,39.0,61
Racing Santander,2010-02-22 00:00:00,45,,55
Racing Santander,2011-02-22 00:00:00,53,,56
Racing Santander,2012-02-22 00:00:00,43,,44
Racing Santander,2013-09-20 00:00:00,47,,44
Racing Santander,2015-09-10 00:00:00,48,52.0,47
Rangers,2010-02-22 00:00:00,65,,50
Rangers,2011-02-22 00:00:00,51,,33
Rangers,2012-02-22 00:00:00,45,,45
Rangers,2013-09-20 00:00:00,55,,45
Rangers,2014-09-19 00:00:00,45,49.0,45
Rangers,2015-09-10 00:00:00,45,53.0,55
Rayo Vallecano,2010-02-22 00:00:00,40,,30
Rayo Vallecano,2011-02-22 00:00:00,53,,55
Rayo Vallecano,2012-02-22 00:00:00,41,,44
Rayo Vallecano,2013-09-20 00:00:00,45,,44
Rayo Vallecano,2014-09-19 00:00:00,45,52.0,44
Rayo Vallecano,2015-09-10 00:00:00,29,52.0,44
Reading,2010-02-22 00:00:00,70,,70
Reading,2011-02-22 00:00:00,49,,36
Reading,2012-02-22 00:00:00,49,,49
Reading,2013-09-20 00:00:00,49,,61
Reading,2014-09-19 00:00:00,44,26.0,72
Reading,2015-09-10 00:00:00,44,36.0,64
Real Betis Balompié,2010-02-22 00:00:00,45,,45
Real Betis Balompié,2011-02-22 00:00:00,37,,51
Real Betis Balompié,2012-02-22 00:00:00,55,,37
Real Betis Balompié,2013-09-20 00:00:00,59,,37
Real Betis Balompié,2014-09-19 00:00:00,59,49.0,37
Real Betis Balompié,2015-09-10 00:00:00,59,49.0,37
Real Madrid CF,2010-02-22 00:00:00,55,,30
Real Madrid CF,2011-02-22 00:00:00,54,,39
Real Madrid CF,2012-02-22 00:00:00,45,,35
Real Madrid CF,2013-09-20 00:00:00,50,,41
Real Madrid CF,2014-09-19 00:00:00,50,54.0,41
Real Madrid CF,2015-09-10 00:00:00,50,57.0,46
Real Sociedad,2010-02-22 00:00:00,40,,30
Real Sociedad,2011-02-22 00:00:00,54,,43
Real Sociedad,2012-02-22 00:00:00,24,,36
Real Sociedad,2013-09-20 00:00:00,28,,36
Real Sociedad,2014-09-19 00:00:00,35,52.0,36
Real Sociedad,2015-09-10 00:00:00,60,52.0,50
RC Recreativo,2010-02-22 00:00:00,50,,40
RC Recreativo,2011-02-22 00:00:00,45,,58
RC Recreativo,2012-02-22 00:00:00,41,,54
RC Recreativo,2013-09-20 00:00:00,41,,54
RC Recreativo,2014-09-19 00:00:00,41,53.0,54
RC Recreativo,2015-09-10 00:00:00,37,38.0,43
Reggio Calabria,2010-02-22 00:00:00,55,,30
Reggio Calabria,2011-02-22 00:00:00,55,,30
Reggio Calabria,2012-02-22 00:00:00,50,,50
Reggio Calabria,2013-09-20 00:00:00,52,,56
Reggio Calabria,2014-09-19 00:00:00,52,55.0,56
Stade de Reims,2011-02-22 00:00:00,35,,50
Stade de Reims,2012-02-22 00:00:00,61,,48
Stade de Reims,2013-09-20 00:00:00,61,,48
Stade de Reims,2014-09-19 00:00:00,48,58.0,48
Stade de Reims,2015-09-10 00:00:00,48,37.0,49
Stade Rennais FC,2010-02-22 00:00:00,50,,45
Stade Rennais FC,2011-02-22 00:00:00,65,,35
Stade Rennais FC,2012-02-22 00:00:00,64,,41
Stade Rennais FC,2013-09-20 00:00:00,64,,41
Stade Rennais FC,2014-09-19 00:00:00,64,62.0,41
Stade Rennais FC,2015-09-10 00:00:00,64,62.0,41
Rio Ave FC,2010-02-22 00:00:00,30,,30
Rio Ave FC,2011-02-22 00:00:00,50,,50
Rio Ave FC,2012-02-22 00:00:00,36,,38
Rio Ave FC,2013-09-20 00:00:00,36,,38
Rio Ave FC,2014-09-19 00:00:00,66,47.0,44
Rio Ave FC,2015-09-10 00:00:00,66,47.0,44
RKC Waalwijk,2010-02-22 00:00:00,30,,50
RKC Waalwijk,2012-02-22 00:00:00,47,,48
RKC Waalwijk,2013-09-20 00:00:00,47,,48
RKC Waalwijk,2014-09-19 00:00:00,57,30.0,55
Siena,2010-02-22 00:00:00,35,,30
Siena,2011-02-22 00:00:00,50,,50
Siena,2012-02-22 00:00:00,45,,50
Siena,2013-09-20 00:00:00,47,,48
Siena,2014-09-19 00:00:00,47,49.0,48
Roda JC Kerkrade,2010-02-22 00:00:00,30,,35
Roda JC Kerkrade,2011-02-22 00:00:00,65,,51
Roda JC Kerkrade,2012-02-22 00:00:00,55,,52
Roda JC Kerkrade,2013-09-20 00:00:00,42,,44
Roda JC Kerkrade,2014-09-19 00:00:00,43,46.0,44
KSV Roeselare,2010-02-22 00:00:00,65,,60
Roma,2010-02-22 00:00:00,70,,30
Roma,2011-02-22 00:00:00,64,,30
Roma,2012-02-22 00:00:00,60,,40
Roma,2013-09-20 00:00:00,53,,55
Roma,2014-09-19 00:00:00,67,48.0,38
Roma,2015-09-10 00:00:00,68,27.0,47
Ross County FC,2013-09-20 00:00:00,35,,62
Ross County FC,2014-09-19 00:00:00,34,50.0,34
Ross County FC,2015-09-10 00:00:00,45,48.0,60
Ruch Chorzów,2010-02-22 00:00:00,30,,40
Ruch Chorzów,2011-02-22 00:00:00,48,,51
Ruch Chorzów,2012-02-22 00:00:00,53,,55
Ruch Chorzów,2013-09-20 00:00:00,53,,55
Ruch Chorzów,2014-09-19 00:00:00,53,48.0,38
Ruch Chorzów,2015-09-10 00:00:00,47,48.0,38
AS Saint-Étienne,2010-02-22 00:00:00,65,,65
AS Saint-Étienne,2011-02-22 00:00:00,65,,35
AS Saint-Étienne,2012-02-22 00:00:00,49,,52
AS Saint-Étienne,2013-09-20 00:00:00,49,,52
AS Saint-Étienne,2014-09-19 00:00:00,58,55.0,52
AS Saint-Étienne,2015-09-10 00:00:00,58,55.0,52
Sampdoria,2010-02-22 00:00:00,60,,30
Sampdoria,2011-02-22 00:00:00,50,,65
Sampdoria,2012-02-22 00:00:00,35,,35
Sampdoria,2013-09-20 00:00:00,36,,38
Sampdoria,2014-09-19 00:00:00,36,56.0,38
Sampdoria,2015-09-10 00:00:00,36,56.0,38
Sassuolo,2010-02-22 00:00:00,30,,30
Sassuolo,2011-02-22 00:00:00,50,,50
Sassuolo,2012-02-22 00:00:00,50,,50
Sassuolo,2013-09-20 00:00:00,57,,60
Sassuolo,2014-09-19 00:00:00,57,71.0,60
Sassuolo,2015-09-10 00:00:00,57,65.0,60
SC Bastia,2010-02-22 00:00:00,40,,45
SC Bastia,2012-02-22 00:00:00,50,,50
SC Bastia,2013-09-20 00:00:00,50,,50
SC Bastia,2014-09-19 00:00:00,67,61.0,43
SC Bastia,2015-09-10 00:00:00,61,61.0,52
SC Heerenveen,2010-02-22 00:00:00,35,,30
SC Heerenveen,2011-02-22 00:00:00,49,,48
SC Heerenveen,2012-02-22 00:00:00,67,,53
SC Heerenveen,2013-09-20 00:00:00,47,,37
SC Heerenveen,2014-09-19 00:00:00,53,48.0,46
SC Heerenveen,2015-09-10 00:00:00,54,40.0,56
FC Schalke 04,2010-02-22 00:00:00,65,,55
FC Schalke 04,2011-02-22 00:00:00,63,,57
FC Schalke 04,2012-02-22 00:00:00,50,,36
FC Schalke 04,2013-09-20 00:00:00,60,,47
FC Schalke 04,2014-09-19 00:00:00,39,54.0,45
FC Schalke 04,2015-09-10 00:00:00,58,43.0,42
Servette FC,2010-02-22 00:00:00,30,,55
Servette FC,2012-02-22 00:00:00,48,,51
Servette FC,2013-09-20 00:00:00,48,,51
Sevilla FC,2010-02-22 00:00:00,30,,30
Sevilla FC,2011-02-22 00:00:00,68,,58
Sevilla FC,2012-02-22 00:00:00,61,,65
Sevilla FC,2013-09-20 00:00:00,65,,65
Sevilla FC,2014-09-19 00:00:00,65,53.0,65
Sevilla FC,2015-09-10 00:00:00,53,53.0,53
FC Sion,2010-02-22 00:00:00,35,,60
FC Sion,2011-02-22 00:00:00,47,,56
FC Sion,2012-02-22 00:00:00,61,,37
FC Sion,2013-09-20 00:00:00,61,,37
FC Sion,2014-09-19 00:00:00,61,57.0,37
FC Sion,2015-09-10 00:00:00,61,57.0,37
Śląsk Wrocław,2010-02-22 00:00:00,30,,45
Śląsk Wrocław,2011-02-22 00:00:00,47,,55
Śląsk Wrocław,2012-02-22 00:00:00,65,,63
Śląsk Wrocław,2013-09-20 00:00:00,65,,50
Śląsk Wrocław,2014-09-19 00:00:00,47,53.0,34
Śląsk Wrocław,2015-09-10 00:00:00,50,55.0,35
FC Sochaux-Montbéliard,2010-02-22 00:00:00,66,,70
FC Sochaux-Montbéliard,2011-02-22 00:00:00,50,,50
FC Sochaux-Montbéliard,2012-02-22 00:00:00,63,,39
FC Sochaux-Montbéliard,2013-09-20 00:00:00,63,,39
FC Sochaux-Montbéliard,2014-09-19 00:00:00,63,62.0,39
FC Sochaux-Montbéliard,2015-09-10 00:00:00,63,62.0,39
Southampton,2010-02-22 00:00:00,70,,55
Southampton,2011-02-22 00:00:00,52,,37
Southampton,2012-02-22 00:00:00,47,,52
Southampton,2013-09-20 00:00:00,47,,38
Southampton,2014-09-19 00:00:00,47,41.0,40
Southampton,2015-09-10 00:00:00,52,31.0,46
Sparta Rotterdam,2010-02-22 00:00:00,35,,40
Sporting Charleroi,2010-02-22 00:00:00,40,,50
Sporting Charleroi,2011-02-22 00:00:00,47,,36
Sporting Charleroi,2013-09-20 00:00:00,60,,53
Sporting Charleroi,2014-09-19 00:00:00,60,47.0,53
Sporting Charleroi,2015-09-10 00:00:00,60,47.0,53
Sporting CP,2010-02-22 00:00:00,30,,30
Sporting CP,2011-02-22 00:00:00,50,,35
Sporting CP,2012-02-22 00:00:00,53,,56
Sporting CP,2013-09-20 00:00:00,53,,56
Sporting CP,2014-09-19 00:00:00,55,65.0,56
Sporting CP,2015-09-10 00:00:00,57,65.0,56
Real Sporting de Gijón,2010-02-22 00:00:00,70,,55
Real Sporting de Gijón,2011-02-22 00:00:00,68,,53
Real Sporting de Gijón,2012-02-22 00:00:00,51,,43
Real Sporting de Gijón,2013-09-20 00:00:00,55,,43
Real Sporting de Gijón,2014-09-19 00:00:00,55,48.0,43
Real Sporting de Gijón,2015-09-10 00:00:00,55,48.0,50
Napoli,2010-02-22 00:00:00,70,,30
Napoli,2011-02-22 00:00:00,50,,35
Napoli,2012-02-22 00:00:00,60,,50
Napoli,2013-09-20 00:00:00,68,,52
Napoli,2014-09-19 00:00:00,72,74.0,34
Napoli,2015-09-10 00:00:00,53,70.0,37
FC St. Gallen,2010-02-22 00:00:00,35,,60
FC St. Gallen,2011-02-22 00:00:00,47,,55
FC St. Gallen,2013-09-20 00:00:00,52,,48
FC St. Gallen,2014-09-19 00:00:00,52,46.0,48
FC St. Gallen,2015-09-10 00:00:00,52,46.0,48
St. Mirren,2010-02-22 00:00:00,70,,70
St. Mirren,2011-02-22 00:00:00,48,,48
St. Mirren,2012-02-22 00:00:00,60,,75
St. Mirren,2013-09-20 00:00:00,42,,43
St. Mirren,2014-09-19 00:00:00,58,50.0,70
St. Mirren,2015-09-10 00:00:00,38,53.0,33
FC St. Pauli,2010-02-22 00:00:00,60,,60
FC St. Pauli,2011-02-22 00:00:00,60,,42
FC St. Pauli,2012-02-22 00:00:00,53,,64
FC St. Pauli,2013-09-20 00:00:00,53,,56
FC St. Pauli,2014-09-19 00:00:00,53,52.0,56
FC St. Pauli,2015-09-10 00:00:00,52,52.0,56
St. Johnstone FC,2010-02-22 00:00:00,70,,50
St. Johnstone FC,2011-02-22 00:00:00,67,,48
St. Johnstone FC,2012-02-22 00:00:00,57,,57
St. Johnstone FC,2013-09-20 00:00:00,60,,58
St. Johnstone FC,2014-09-19 00:00:00,56,48.0,57
St. Johnstone FC,2015-09-10 00:00:00,62,52.0,48
Sint-Truidense VV,2010-02-22 00:00:00,50,,50
Sint-Truidense VV,2011-02-22 00:00:00,53,,53
Sint-Truidense VV,2012-02-22 00:00:00,52,,55
Standard de Liège,2010-02-22 00:00:00,53,,40
Standard de Liège,2011-02-22 00:00:00,68,,66
Standard de Liège,2012-02-22 00:00:00,75,,70
Standard de Liège,2013-09-20 00:00:00,54,,62
Standard de Liège,2014-09-19 00:00:00,54,45.0,62
Standard de Liège,2015-09-10 00:00:00,54,45.0,62
Stoke City,2010-02-22 00:00:00,65,,70
Stoke City,2011-02-22 00:00:00,50,,80
Stoke City,2012-02-22 00:00:00,75,,75
Stoke City,2013-09-20 00:00:00,75,,73
Stoke City,2014-09-19 00:00:00,48,24.0,55
Stoke City,2015-09-10 00:00:00,48,41.0,49
Sunderland,2010-02-22 00:00:00,60,,70
Sunderland,2011-02-22 00:00:00,55,,55
Sunderland,2012-02-22 00:00:00,67,,62
Sunderland,2013-09-20 00:00:00,57,,66
Sunderland,2014-09-19 00:00:00,60,33.0,61
Sunderland,2015-09-10 00:00:00,43,43.0,51
Swansea City,2010-02-22 00:00:00,65,,70
Swansea City,2011-02-22 00:00:00,66,,34
Swansea City,2012-02-22 00:00:00,26,,24
Swansea City,2013-09-20 00:00:00,41,,39
Swansea City,2014-09-19 00:00:00,63,34.0,34
Swansea City,2015-09-10 00:00:00,45,44.0,42
CD Tenerife,2010-02-22 00:00:00,30,,30
CD Tenerife,2011-02-22 00:00:00,56,,51
CD Tenerife,2014-09-19 00:00:00,56,50.0,57
CD Tenerife,2015-09-10 00:00:00,56,50.0,57
FC Thun,2011-02-22 00:00:00,51,,39
FC Thun,2012-02-22 00:00:00,58,,35
FC Thun,2013-09-20 00:00:00,58,,35
FC Thun,2014-09-19 00:00:00,58,59.0,35
FC Thun,2015-09-10 00:00:00,58,59.0,35
Torino,2010-02-22 00:00:00,45,,35
Torino,2011-02-22 00:00:00,45,,35
Torino,2012-02-22 00:00:00,50,,50
Torino,2013-09-20 00:00:00,71,,36
Torino,2014-09-19 00:00:00,76,69.0,64
Torino,2015-09-10 00:00:00,69,69.0,36
Tottenham Hotspur,2010-02-22 00:00:00,70,,50
Tottenham Hotspur,2011-02-22 00:00:00,60,,55
Tottenham Hotspur,2012-02-22 00:00:00,44,,47
Tottenham Hotspur,2013-09-20 00:00:00,42,,46
Tottenham Hotspur,2014-09-19 00:00:00,41,35.0,38
Tottenham Hotspur,2015-09-10 00:00:00,47,46.0,40
Toulouse FC,2010-02-22 00:00:00,35,,70
Toulouse FC,2011-02-22 00:00:00,65,,50
Toulouse FC,2012-02-22 00:00:00,49,,53
Toulouse FC,2013-09-20 00:00:00,49,,53
Toulouse FC,2014-09-19 00:00:00,49,56.0,53
Toulouse FC,2015-09-10 00:00:00,49,56.0,53
ES Troyes AC,2011-02-22 00:00:00,35,,50
ES Troyes AC,2012-02-22 00:00:00,49,,51
ES Troyes AC,2013-09-20 00:00:00,49,,51
ES Troyes AC,2014-09-19 00:00:00,49,48.0,51
ES Troyes AC,2015-09-10 00:00:00,49,48.0,51
FC Twente,2010-02-22 00:00:00,30,,30
FC Twente,2011-02-22 00:00:00,55,,55
FC Twente,2012-02-22 00:00:00,25,,28
FC Twente,2013-09-20 00:00:00,35,,38
FC Twente,2014-09-19 00:00:00,38,39.0,34
FC Twente,2015-09-10 00:00:00,48,40.0,43
Udinese,2010-02-22 00:00:00,64,,35
Udinese,2011-02-22 00:00:00,70,,49
Udinese,2012-02-22 00:00:00,75,,45
Udinese,2013-09-20 00:00:00,78,,63
Udinese,2014-09-19 00:00:00,71,71.0,63
Udinese,2015-09-10 00:00:00,68,54.0,63
"União de Leiria, SAD",2010-02-22 00:00:00,50,,50
"União de Leiria, SAD",2011-02-22 00:00:00,50,,50
"União de Leiria, SAD",2012-02-22 00:00:00,36,,36
Valencia CF,2010-02-22 00:00:00,30,,30
Valencia CF,2011-02-22 00:00:00,41,,40
Valencia CF,2012-02-22 00:00:00,20,,35
Valencia CF,2013-09-20 00:00:00,20,,35
Valencia CF,2014-09-19 00:00:00,30,45.0,35
Valencia CF,2015-09-10 00:00:00,35,46.0,35
Valenciennes FC,2010-02-22 00:00:00,60,,70
Valenciennes FC,2011-02-22 00:00:00,65,,50
Valenciennes FC,2012-02-22 00:00:00,49,,50
Valenciennes FC,2013-09-20 00:00:00,49,,50
Valenciennes FC,2014-09-19 00:00:00,49,59.0,52
Valenciennes FC,2015-09-10 00:00:00,49,59.0,52
Real Valladolid,2010-02-22 00:00:00,55,,40
Real Valladolid,2011-02-22 00:00:00,54,,55
Real Valladolid,2012-02-22 00:00:00,55,,54
Real Valladolid,2013-09-20 00:00:00,55,,54
Real Valladolid,2014-09-19 00:00:00,55,44.0,54
Real Valladolid,2015-09-10 00:00:00,43,40.0,65
Hellas Verona,2012-02-22 00:00:00,50,,50
Hellas Verona,2013-09-20 00:00:00,58,,63
Hellas Verona,2014-09-19 00:00:00,63,46.0,48
Hellas Verona,2015-09-10 00:00:00,57,29.0,38
VfB Stuttgart,2010-02-22 00:00:00,70,,30
VfB Stuttgart,2011-02-22 00:00:00,64,,48
VfB Stuttgart,2012-02-22 00:00:00,50,,42
VfB Stuttgart,2013-09-20 00:00:00,59,,41
VfB Stuttgart,2014-09-19 00:00:00,54,61.0,53
VfB Stuttgart,2015-09-10 00:00:00,59,55.0,41
Villarreal CF,2010-02-22 00:00:00,64,,30
Villarreal CF,2011-02-22 00:00:00,42,,41
Villarreal CF,2012-02-22 00:00:00,20,,26
Villarreal CF,2013-09-20 00:00:00,24,,26
Villarreal CF,2014-09-19 00:00:00,35,42.0,35
Villarreal CF,2015-09-10 00:00:00,48,42.0,36
Vitesse,2010-02-22 00:00:00,35,,35
Vitesse,2011-02-22 00:00:00,33,,50
Vitesse,2012-02-22 00:00:00,37,,30
Vitesse,2013-09-20 00:00:00,37,,39
Vitesse,2014-09-19 00:00:00,53,55.0,32
Vitesse,2015-09-10 00:00:00,57,40.0,48
Vitória Guimarães,2010-02-22 00:00:00,30,,30
Vitória Guimarães,2011-02-22 00:00:00,65,,47
Vitória Guimarães,2012-02-22 00:00:00,40,,39
Vitória Guimarães,2013-09-20 00:00:00,40,,39
Vitória Guimarães,2014-09-19 00:00:00,40,52.0,39
Vitória Guimarães,2015-09-10 00:00:00,40,52.0,39
Vitória Setúbal,2010-02-22 00:00:00,30,,30
Vitória Setúbal,2011-02-22 00:00:00,50,,50
Vitória Setúbal,2012-02-22 00:00:00,56,,42
Vitória Setúbal,2013-09-20 00:00:00,56,,42
Vitória Setúbal,2014-09-19 00:00:00,56,49.0,42
Vitória Setúbal,2015-09-10 00:00:00,58,49.0,42
VVV-Venlo,2010-02-22 00:00:00,50,,50
VVV-Venlo,2011-02-22 00:00:00,50,,42
VVV-Venlo,2012-02-22 00:00:00,41,,52
VVV-Venlo,2013-09-20 00:00:00,41,,52
Waasland-Beveren,2013-09-20 00:00:00,62,,53
Waasland-Beveren,2014-09-19 00:00:00,38,45.0,39
Waasland-Beveren,2015-09-10 00:00:00,38,45.0,49
Watford,2010-02-22 00:00:00,70,,70
Watford,2011-02-22 00:00:00,64,,53
Watford,2012-02-22 00:00:00,66,,66
Watford,2013-09-20 00:00:00,67,,45
Watford,2014-09-19 00:00:00,61,43.0,56
Watford,2015-09-10 00:00:00,61,32.0,52
SV Werder Bremen,2010-02-22 00:00:00,70,,40
SV Werder Bremen,2011-02-22 00:00:00,64,,40
SV Werder Bremen,2012-02-22 00:00:00,54,,40
SV Werder Bremen,2013-09-20 00:00:00,68,,33
SV Werder Bremen,2014-09-19 00:00:00,40,55.0,47
SV Werder Bremen,2015-09-10 00:00:00,56,55.0,63
West Bromwich Albion,2010-02-22 00:00:00,65,,40
West Bromwich Albion,2011-02-22 00:00:00,60,,65
West Bromwich Albion,2012-02-22 00:00:00,48,,48
West Bromwich Albion,2013-09-20 00:00:00,55,,54
West Bromwich Albion,2014-09-19 00:00:00,55,34.0,51
West Bromwich Albion,2015-09-10 00:00:00,62,32.0,51
West Ham United,2010-02-22 00:00:00,58,,30
West Ham United,2011-02-22 00:00:00,35,,35
West Ham United,2012-02-22 00:00:00,63,,64
West Ham United,2013-09-20 00:00:00,72,,73
West Ham United,2014-09-19 00:00:00,72,39.0,73
West Ham United,2015-09-10 00:00:00,77,37.0,57
KVC Westerlo,2010-02-22 00:00:00,45,,60
KVC Westerlo,2011-02-22 00:00:00,34,,52
KVC Westerlo,2012-02-22 00:00:00,52,,50
KVC Westerlo,2015-09-10 00:00:00,52,46.0,50
Wigan Athletic,2010-02-22 00:00:00,70,,70
Wigan Athletic,2011-02-22 00:00:00,35,,50
Wigan Athletic,2012-02-22 00:00:00,38,,38
Wigan Athletic,2013-09-20 00:00:00,38,,39
Wigan Athletic,2014-09-19 00:00:00,51,36.0,51
Wigan Athletic,2015-09-10 00:00:00,51,37.0,56
Willem II,2010-02-22 00:00:00,35,,30
Willem II,2011-02-22 00:00:00,72,,57
Willem II,2013-09-20 00:00:00,48,,55
Willem II,2015-09-10 00:00:00,51,36.0,63
Wisła Kraków,2010-02-22 00:00:00,40,,35
Wisła Kraków,2011-02-22 00:00:00,67,,48
Wisła Kraków,2012-02-22 00:00:00,25,,25
Wisła Kraków,2013-09-20 00:00:00,30,,30
Wisła Kraków,2014-09-19 00:00:00,47,52.0,36
Wisła Kraków,2015-09-10 00:00:00,33,49.0,37
VfL Wolfsburg,2010-02-22 00:00:00,65,,45
VfL Wolfsburg,2011-02-22 00:00:00,65,,45
VfL Wolfsburg,2012-02-22 00:00:00,54,,59
VfL Wolfsburg,2013-09-20 00:00:00,58,,57
VfL Wolfsburg,2014-09-19 00:00:00,58,67.0,45
VfL Wolfsburg,2015-09-10 00:00:00,68,45.0,57
Wolverhampton Wanderers,2010-02-22 00:00:00,70,,70
Wolverhampton Wanderers,2011-02-22 00:00:00,55,,55
Wolverhampton Wanderers,2012-02-22 00:00:00,67,,68
Wolverhampton Wanderers,2013-09-20 00:00:00,63,,61
Wolverhampton Wanderers,2014-09-19 00:00:00,47,28.0,58
Wolverhampton Wanderers,2015-09-10 00:00:00,46,36.0,54
Neuchâtel Xamax,2010-02-22 00:00:00,60,,45
Neuchâtel Xamax,2011-02-22 00:00:00,54,,47
Neuchâtel Xamax,2012-02-22 00:00:00,49,,50
Xerez Club Deportivo,2010-02-22 00:00:00,30,,30
Xerez Club Deportivo,2011-02-22 00:00:00,40,,58
Xerez Club Deportivo,2012-02-22 00:00:00,60,,44
Xerez Club Deportivo,2013-09-20 00:00:00,60,,44
BSC Young Boys,2010-02-22 00:00:00,55,,55
BSC Young Boys,2011-02-22 00:00:00,60,,57
BSC Young Boys,2012-02-22 00:00:00,52,,69
BSC Young Boys,2013-09-20 00:00:00,52,,69
BSC Young Boys,2014-09-19 00:00:00,52,56.0,64
BSC Young Boys,2015-09-10 00:00:00,52,56.0,64
Zagłębie Lubin,2010-02-22 00:00:00,55,,60
Zagłębie Lubin,2011-02-22 00:00:00,54,,37
Zagłębie Lubin,2012-02-22 00:00:00,33,,38
Zagłębie Lubin,2013-09-20 00:00:00,33,,38
Zagłębie Lubin,2014-09-19 00:00:00,33,49.0,51
Real Zaragoza,2010-02-22 00:00:00,30,,30
Real Zaragoza,2011-02-22 00:00:00,43,,40
Real Zaragoza,2012-02-22 00:00:00,34,,23
Real Zaragoza,2013-09-20 00:00:00,38,,23
Real Zaragoza,2014-09-19 00:00:00,38,48.0,35
Real Zaragoza,2015-09-10 00:00:00,52,52.0,50
Zawisza Bydgoszcz,2014-09-19 00:00:00,54,51.0,40
Zawisza Bydgoszcz,2015-09-10 00:00:00,54,51.0,40
SV Zulte-Waregem,2010-02-22 00:00:00,65,,60
SV Zulte-Waregem,2011-02-22 00:00:00,52,,52
SV Zulte-Waregem,2012-02-22 00:00:00,54,,51
SV Zulte-Waregem,2013-09-20 00:00:00,54,,51
SV Zulte-Waregem,2014-09-19 00:00:00,54,42.0,51
SV Zulte-Waregem,2015-09-10 00:00:00,54,42.0,51
